Name,Chemical formula,m/z,HMDB,KEGG,PubChem,ChEBI,MetLin,Chemical sub class,Unnamed: 9,Unnamed: 10,Unnamed: 11,Unnamed: 12,spec_id
Pyruvic acid,C3H4O3,87.0082,HMDB0000243,C00022,1060,32816,117,Short-chain acids,,,,,014b1ece-2d8b-4f86-962d-f347d7d06398
L-Alanine,C3H7NO2,88.0403,HMDB0000161,C00041,5950,16977,-,Amino acids,,,,,045140d8-52aa-48b0-8bd4-2713f189a7c5
Lactic acid,C3H6O3,89.0239,HMDB0000190,C00186,107689,422,5205,Short-chain acids,,,,,05fdd75c-320b-4ba6-a1e4-de2c3c55dae2
Phosphate,H3O4P,96.9691,HMDB0001429,C00009,1004,26078,3231,Phosphates,,,,,060229e4-a44a-4568-bc07-808a13af1445
Serine,C3H7NO3,104.0352,HMDB0000187,C00065,5951,17115,5203,Amino acids,,,,,06347109-ae5f-484a-8850-a003651def2e
Hypotaurine,C2H7NO2S,108.0124,HMDB0000965,C00519,107812,16668,281,Sulfinic acids,,,,,064dc6d7-41f6-42ae-8444-d8dedc0c04c7
Uridine 5'-monophosphate,C9H13N2O9P,323.0283,HMDB0000288,C00105,6030,16695,-,Pyrimidine rNMP,,,,,077fbf65-8680-49c9-884c-89cdf382418e
Proline,C5H9NO2,114.0559,HMDB0000162,C00148,145742,17203,29,Amino acids,,,,,0976382f-6764-4510-ab7a-6f5b0fb787d4
Acetylglycine,C4H7NO3,116.0352,HMDB0000532,-,10972,40410,5517,Amino acids,,,,,0a362207-d992-481a-b8ad-dea75cc658fe
Succinic acid,C4H6O4,117.0188,HMDB0000254,C00042,1110,15741,114,TCA acids,,,,,0a77f730-3bc6-451b-acf6-9f9c12da0f57
L-Threonine,C4H9NO3,118.0508,HMDB0000167,C00188,6288,16857,32,Amino acids,,,,,0bd987b3-dc7f-4fc3-b573-16d6f6bf3656
L-Cysteine,C3H7NO2S,120.0122,HMDB0000574,C00097,5862,17561,5556,Amino acids,,,,,0d2f98df-90b4-497f-8343-e68814f1c761
Taurine,C2H7NO3S,124.0068,HMDB0000251,C00245,1123,15891,31,Sulfonic acids,,,,,0d725593-fd38-4b62-ac2d-189746e9c8d1
Pyroglutamic acid,C5H7NO3,128.0352,HMDB0000267,C01879,7405,18183,3251,Amino acids,,,,,126efa12-6169-4ad5-bc59-ce1a38a75c4f
Pipecolic acid,C6H11NO2,128.0716,HMDB0000070,C00408,849,17964,50,Amino acids,,,,,12fae74f-c8fa-4e58-9094-50e13764cd2b
Glutaconic acid,C5H6O4,129.0192,HMDB0000620,C02214,5280498,15670,5593,Dicarboxylic acids,,,,,15355dc1-57f1-49a1-8b33-ce62d178980a
Creatine,C4H9N3O2,130.062,HMDB0000064,C00300,586,16919,7,Amino acids,,,,,16058bb7-fe24-4398-8917-4e3d7c804ac3
L-Asparagine,C4H8N2O3,131.0461,HMDB0000168,C00152,6267,17196,14,Amino acids,,,,,19b0df63-2ac8-4f01-94ef-655768b4e3f7
Ornithine,C5H12N2O2,131.0821,HMDB0000214,C00077,6262,15729,27,Amino acids,,,,,1b677b7f-5e9d-4491-9810-8cf7e1ef9741
L-Aspartic acid,C4H7NO4,132.0297,HMDB0000191,C00049,5960,17053,5206,Amino acids,,,,,1cefd21d-1c81-4198-9e00-ea4275571379
Malic acid,C4H6O5,133.0137,HMDB0000156,C00149,222656,30797,-,,,,,,1cf60b69-dcce-4998-86c9-44f6b7d36550
Adenine,C5H5N5,134.0467,HMDB0000034,C00147,190,16708,85,Aminopurines,,,,,1f174a94-eb33-4a56-852e-d42af6d210f9
Hypoxanthine,C5H4N4O,135.0307,HMDB0000157,C00262,790,17368,83,Hypoxanthines,,,,,211b168f-fc84-4b31-8e3d-a909445de98e
Uridine,C9H12N2O6,243.0617,HMDB0000296,C00299,6029,16704,90,Pyrimidine ribonucleosides,,,,,21f06400-a47f-46bc-9dcd-0109efd6b1b5
Acetylphosphate,C2H5O5P,138.98,HMDB0001494,C00227,186,15350,6278,Phosphate esters,,,,,2522736c-9dd7-4a6b-9cf5-6b1847a64d2a
O-Phosphoethanolamine,C2H8NO4P,140.0113,HMDB0000224,C00346,1015,17553,5233,Phosphoethanolamines,,,,,259d2c97-130b-4641-bd9b-e3dec3df03ef
3-Methylglutaconic acid,C6H8O4,143.0348,HMDB0000522,-,1551553,37245,5507,Dicarboxylic acids,,,,,25c45292-d56c-409c-b0f3-b69833f6a118
N-Butyrylglycine,C6H11NO3,144.0664,HMDB0000808,-,88412,89963,5772,N-acyl amines,,,,,25e7cabe-1493-43e4-afef-f4f018e8dc18
Oxoglutaric acid,C5H6O5,145.0141,HMDB0000208,C00026,51,30915,5218,,,,,,26c00f34-4a45-4b25-b979-f0f1c52aaf71
Glutamine,C5H10N2O3,145.0613,HMDB0000641,C00064,5961,18050,5614,Amino acids,,,,,27666b1c-5975-4f32-9612-4f00bec4880e
Lysine,C6H14N2O2,145.0981,HMDB0000182,C00047,5962,18019,5200,Amino acids,,,,,281fe0ec-d5c5-40bb-ae65-36a1c338f103
Glutamic acid,C5H9NO4,146.0453,HMDB0000148,C00025,33032,16015,5174,Amino acids,,,,,2895eca5-79a3-4a94-948f-6917f1d03321
2-Hydroxyglutarate,C5H8O5,147.0297,HMDB0059655,C02630,43,17084,-,Dicarboxylic acids,,,,,291bd990-ce9a-49a7-997d-55b26c5f87be
Methionine,C5H11NO2S,148.0437,HMDB0000696,C00073,6137,16643,5664,Amino acids,,,,,29538d85-df78-4c91-9ba3-0c9b6de10458
Uridine triphosphate,C9H15N2O15P3,482.9615,HMDB0000285,C00075,6133,15713,5277,Pyrimidine rNTP,,,,,29c7071f-f138-4cd3-adc5-7165fe8f47a3
Mandelic acid,C8H8O3,151.0397,HMDB0000703,C01984,439616,32800,5671,Cinnamic acids,,,,,2b703264-6e28-4487-bcd0-f480c0135252
Dopamine,C8H11NO2,152.0712,HMDB0000073,C03758,681,18243,64,Phenylethylamines,,,,,2bf2fbe7-e874-465d-bb28-3a35e2aa3d88
2_6-Dihydroxybenzoic acid,C7H6O4,153.019,HMDB0013676,C21298,9338,68465,-,Phenolic acids,,,,,2dc07c68-e6eb-44ea-8f7b-b883d1ba11ae
Histidine,C6H9N3O2,154.0621,HMDB0000177,C00135,6274,15971,21,Amino acids,,,,,2de86fe1-a66b-4edd-a78a-1a533e90baf8
Orotic acid,C5H4N2O4,155.0096,HMDB0000226,C00295,967,16742,318,Pyrimidine carboxylic acids,,,,,30dac978-f717-4885-857c-84e68f6b6d5b
Allantoin,C4H6N4O3,157.0364,HMDB0000462,C02350,204,15676,89,Ureides,,,,,30eb2c7e-c1db-4101-8284-0b755566cea3
Indoleacetaldehyde,C10H9NO,158.0609,HMDB0001190,C00637,800,18086,6068,Simple indole alkaloids,,,,,30f85801-0617-4300-b599-a15c1dff82f4
D-Alanyl-D-alanine,C6H12N2O3,159.0772,HMDB0003459,C00993,5460362,16576,6937,Dipeptides,,,,,31ebd295-1c2a-47cf-995e-49a4ece4bdef
Trichloroacetic acid,C2HCl3O2,161.9042,HMDB0042048,C11150,6421,30956,-,,,,,,3268eada-489a-4281-9f8c-fb4206eb3baa
Methionine sulfoxide,C5H11NO3S,164.0385,HMDB0002005,C02989,158980,17016,6428,Amino acids,,,,,34e3296e-8193-4ac1-87af-f5d4cd09a6ad
Taurocyamine,C3H9N3O3S,166.0289,HMDB0003584,C01959,68340,17228,6962,Sulfonic acids,,,,,377396b5-6b87-487d-b4f9-91372264b9ea
3-Methoxytyramine,C9H13NO2,166.0868,HMDB0000022,C05587,1669,742324,5094,Phenylethylamines,,,,,3860d7ad-078d-4436-bdb8-c632ae6fa2ae
Phosphoenolpyruvic acid,C3H5O6P,166.9748,HMDB0000263,C00074,1005,44897,5264,Short-chain acids,,,,,38df193c-0908-4a17-aa23-be30699e7322
Uracil,C4H4N2O2,111.0195,HMDB0000300,C00106,1174,17568,258,Other pyrimidines,,,,,3962ad7b-6b3c-4a0b-bcbb-78ecf3357951
3_4-Dihydroxybenzeneacetic acid,C8H8O4,167.0344,HMDB0001336,C01161,547,41941,6170,Phenolic acids,,,,,39a56759-1ddc-47a9-8c2b-77750f797a46
Cysteic acid,C3H7NO5S,167.997,HMDB0002757,C00506,25701,21260,332,,,,,,3a31ca24-1e6b-4d23-ab29-32ca6f4af1d2
Glycerol 3-phosphate,C3H9O6P,171.0059,HMDB0000126,C00093,439162,15978,5161,Organic phosphoric acids,,,,,3a517990-5869-4b04-bfed-1bc5e2ac9750
N-Acetyl-Leu,C8H15NO3,172.0977,HMDB0011756,C02710,70912,17786,-,Amino acids,,,,,3ae0fae0-f788-4b42-9535-18a6e69da09c
cis-Aconitic acid,C6H6O6,173.0086,HMDB0000072,C00417,643757,32805,5130,TCA acids,,,,,3e25feb4-7d29-495a-80a4-9457420de126
N-Acetylasparagine,C6H10N2O4,173.0565,HMDB0006028,-,99715,-,-,Amino acids,,,,,3ed0c41c-2971-4dce-afea-0c9c586fde27
L-Arginine,C6H14N4O2,173.1039,HMDB0000517,C00062,6322,16467,5502,Amino acids,,,,,3efc040a-f2ea-4eb1-a30d-04d12321970c
Phenol sulphate,C6H6O4S,173.9987,HMDB0060015,C02180,74426,27905,-,Phenolic acids,,,,,3fbfb5b5-18d4-4234-95b9-034a3524038b
N-Acetyl-L-aspartic acid,C6H9NO5,174.0402,HMDB0000812,C01042,65065,21547,5776,Amino acids,,,,,401533a8-5f03-4bc9-a659-b5959ad885b9
hydroxyvalerylglycine,C7H13NO4,174.077,HMDB0094717,-,79198664,-,-,,,,,,401f9172-c128-431f-b2a1-1186c6ccdb14
Citrulline,C6H13N3O3,174.0879,HMDB0000904,C00327,9750,16349,16,Amino acids,,,,,40f27ad4-e9f0-4cd4-a7d0-80f6019a8785
Ascorbic acid,C6H8O6,175.0243,HMDB0000044,C00072,54670067,29073,3753,Gamma butyrolactones,,,,,41696705-3102-437f-92d7-a56c69b4fd07
Alanylserine,C6H12N2O4,175.0722,HMDB0028696,-,1549432,73394,-,Dipeptides,,,,,4170a72c-830b-485e-b03c-54986901bc49
N-Formyl-L-methionine,C6H11NO3S,176.0384,HMDB0001015,C03145,439750,16552,5945,Amino acids,,,,,417d5a2f-1505-4cbe-b8fc-dbecde12e3da
L-Gulonolactone,C6H10O6,177.0402,HMDB0003466,C01040,439373,17587,-,Gamma butyrolactones,,,,,429e390d-5699-4b0b-a078-1f190fe83dd8
Hippuric acid,C9H9NO3,178.0508,HMDB0000714,C01586,464,18089,1301,Phenolic acids,,,,,429ea018-0508-4bb5-a54a-f858b8f93276
4-Hydroxyphenylpyruvic acid,C9H8O4,179.0348,HMDB0000707,C01179,979,15999,5675,Cinnamic acids,,,,,435b8000-fd03-41b8-b4f7-9437073132e4
myo-Inositol,C6H12O6,179.0559,HMDB0000211,C00137,-,17268,5221,,,,,,447d1f1f-1771-485a-933f-ee807559dca5
3-Methoxyphenylacetic acid,C9H10O3,165.0552,HMDB0059969,-,15719,-,-,,,,,,454afcf9-0f71-4fd0-bb7b-e49bb8ebc07a
L-Tyrosine,C9H11NO3,180.0664,HMDB0000158,C00082,6057,17895,34,Amino acids,,,,,47e03856-3245-4a32-b692-4aefb7694447
Homovanillic acid,C9H10O4,181.0501,HMDB0000118,C05582,1738,545959,971,Phenolic acids,,,,,486ab5b1-51b6-4258-bce3-a673068bc140
4-Pyridoxic acid,C8H9NO4,182.0455,HMDB0000017,C00847,6723,17405,239,Nicotinic acid alkaloids,,,,,4886ee0d-11dc-413f-b3de-f68d657cb699
Phosphorylcholine,C5H14NO4P,182.0585,HMDB0001565,C00588,1014,18132,6326,Cholines,,,,,48c0c127-1ecf-4c28-9d7b-8819636051b7
Phosphoserine,C3H8NO6P,184.0017,HMDB0000272,C01005,68841,15811,5270,Amino acids,,,,,48fe8f69-5d69-4fa4-a6e9-83917b0f0317
3-Phosphoglyceric acid,C3H7O7P,184.9851,HMDB0000807,C00597,724,17050,150,,,,,,51407898-7770-4f7f-a6d7-1f88e8a1ea52
N-Acetylglutamine,C7H12N2O4,187.0721,HMDB0006029,-,182230,21553,-,Amino acids,,,,,51f875c3-91a6-4688-8857-ccd6bbaf19a3
p-Cresol sulfate,C7H8O4S,188.0143,HMDB0011635,-,4615423,82914,-,,,,,,538fcca2-7c4c-4ba1-930a-9feb24ed9b70
Kynurenic acid,C10H7NO3,188.0351,HMDB0000715,C01717,3845,18344,5683,Acridone alkaloids,,,,,53d056c3-180f-4abd-9d0a-3216c0b76c3b
N-Acetyl-L-methionine,C7H13NO3S,190.0541,HMDB0011745,C02712,448580,21557,-,Amino acids,,,,,55cfb7f0-59bb-4b9f-bf9b-1777c2f59633
Citric acid,C6H8O7,191.0192,HMDB0000094,C00158,311,30769,124,TCA acids,,,,,55ff1e81-6b92-4bcf-a1ca-b926750eb8ef
Galacturonic acid,C6H10O7,193.0351,HMDB0002545,C00333,84740,47962,6713,Sugar acids,,,,,571e5cf7-8c15-467b-9281-1cc2134ff3f2
4-Aminohippuric acid,C9H10N2O3,193.0618,HMDB0001867,D06890,2148,104011,6359,Amino acids,,,,,58da9ce7-be57-44e2-8a46-d42b41e10e7c
Gluconic acid,C6H12O7,195.0521,HMDB0000625,C00257,10690,33198,345,Sugar acids,,,,,5b246f58-75cf-4340-b54d-8d7c0a2add7c
O-Phosphohomoserine,C4H10NO6P,198.0171,HMDB0003484,C01102,151187,15961,-,Amino acids,,,,,5c83cfcb-4b74-467e-aefb-624221b9eaf6
D-Erythrose 4-phosphate,C4H9O7P,199.0011,HMDB0001321,C00279,122357,48153,6158,Monosaccharide phosphates,,,,,5cca889f-09fb-4162-939b-b02ae3dae7fe
Cysteine-S-sulfate,C3H7NO5S2,199.969,HMDB0000731,C05824,115015,27891,-,Amino acids,,,,,5e761253-dcdd-4e41-9249-ce220806c7a6
Sebacic acid,C10H18O4,201.113,HMDB0000792,C08277,5192,41865,4240,Dicarboxylic acids,,,,,5ebe984d-670f-4bab-8395-ea648f291266
L-Tryptophan,C11H12N2O2,203.0824,HMDB0000929,C00078,6305,16828,5879,Amino acids,,,,,6268a5a9-a976-472a-ba35-83c0c341b820
N-Acetyl-L-phenylalanine,C11H13NO3,206.0821,HMDB0000512,C03519,74839,16259,5498,Amino acids,,,,,6278bdab-b901-40ee-add9-fe665dcd8990
3-Phosphoglyceric acid,C3H7O7P,184.9854,HMDB0000807,C00597,724,17050,150,,,,,,64544264-90f6-4a16-8f85-2d80aa3e7393
Indoxyl sulfate,C8H7NO4S,212.002,HMDB0000682,-,10258,43355,524,Simple indole alkaloids,,,,,6655239e-8126-4d93-ad30-485d270cff10
Glycerylphosphorylethanolamine,C5H14NO6P,214.048,HMDB0000114,C01233,123874,52330,5151,Organic phosphoric acids,,,,,66bbe6e5-d7d6-4bd9-9ff9-68131d5d7c05
D-Glucose,C6H12O6,215.0322,HMDB0000122,C00031,5793,15903,133,,,,,,678b670b-a14b-4d82-b823-cd9e74f7fb1b
Pantothenic acid,C9H17NO5,218.1031,HMDB0000210,C00864,6613,46905,-,Amino acids,,,,,683a1101-6f18-4a76-ba57-546c2b243828
L-Cystathionine,C7H14N2O4S,221.06,HMDB0000099,C02291,439258,17482,39,Amino acids,,,,,6994adf5-c00f-45a5-87a3-f5ff47bf2798
Carnosine,C9H14N4O3,225.0991,HMDB0000033,C00386,439224,15727,38,Dipeptides,,,,,69f75266-5b4b-4c77-bc3c-0eb3fe35006a
D-Ribose 5-phosphate,C5H11O8P,229.0116,HMDB0001548,C00117,440101,18189,6315,Monosaccharide phosphates,,,,,6a330181-b9b0-474c-bf3f-6bf949b7ce29
Homocarnosine,C10H16N4O3,239.1145,HMDB0000745,C00884,10243361,85981,270,Amino acids,,,,,6a7cb802-66c7-4e85-8926-b1c665aae25e
Uric acid,C5H4N4O3,167.0205,HMDB0000289,C00366,1175,17775,88,Xanthines,,,,,6aab0750-c998-4f60-863b-c4cdfbe01eda
Aspartyl-Aspartate,C8H12N2O7,247.057,HMDB0028749,-,332965,174279,-,Dipeptides,,,,,6ac21877-0743-4b9b-b6ff-ddd597e1d093
Glycerophosphocholine,C8H20NO6P,256.0952,HMDB0000086,C00670,657272,16870,370,Organic phosphoric acids,,,,,6b15dacf-637a-44b2-8065-9dae5672c261
Glucosamine 6-phosphate,C6H14NO8P,258.0381,HMDB0001254,C00352,439217,15873,6111,Amino sugars,,,,,6bd76c09-cd11-49cc-a619-2e71ea78646f
Glucose 6-phosphate,C6H13O9P,259.0219,HMDB0001401,C00092,5958,4170,145,Monosaccharide phosphates,,,,,6c0cda03-372b-496d-8053-2974f2013d25
Mannitol 1-phosphate,C6H15O9P,261.0376,HMDB0001530,C00644,130418,16298,6302,Monosaccharide phosphates,,,,,72fcd6e0-3f57-4759-95cc-3c754f0c0597
Inosine,C10H12N4O5,267.0729,HMDB0000195,C00294,6021,17596,84,Purine ribonucleosides,,,,,7621871b-df27-450d-b6df-ecf1c970ea34
Linoleic acid,C18H32O2,279.2324,HMDB0000673,C01595,5280450,17351,191,Unsaturated FA,,,,,76dde60a-e9c7-4ba3-9348-51b98c9ba0f5
Oleic acid,C18H34O2,281.2481,HMDB0000207,C00712,445639,16196,190,Unsaturated FA,,,,,78558a1a-2cb0-4ab7-a99c-4c5c78f7a52d
Guanosine,C10H13N5O5,282.0841,HMDB0000133,C00387,6802,16750,87,Purine ribonucleosides,,,,,795f7ad9-7c8b-431e-8c81-d3743d6a96af
Stearic acid,C18H36O2,283.2637,HMDB0000827,C01530,5281,28842,189,Saturated FA,,,,,79c30cbd-851a-4da7-a40b-7014bc52a222
Arachidonic acid,C20H32O2,303.2324,HMDB0001043,C00219,444899,15843,193,Unsaturated FA,,,,,81e0733b-d96b-4268-b58a-44d78de5ed0f
Glutathione,C10H17N3O6S,306.076,HMDB0000125,C00051,124886,16856,44,Tripeptides,,,,,82509820-07d1-4e38-a9ff-f58b12843137
N-Acetylneuraminic acid,C11H19NO9,308.0985,HMDB0000230,C19910,445063,45744,3321,Sugar acids,,,,,83668a22-b088-470d-943d-925177b40a3e
Cytidine monophosphate,C9H14N3O8P,322.0443,HMDB0000095,C00055,6131,17361,5143,Pyrimidine rNMP,,,,,83b7bac8-7937-4f63-b996-5e3e9c8dc380
Uridine diphosphate glucuronic acid,C15H22N2O18P2,579.027,HMDB0000935,C00167,17473,17200,5884,Pyrimidine rNDP,,,,,85eae0e5-69ed-4551-b4b7-1f7c8104a601
Docosahexaenoic acid,C22H32O2,327.2324,HMDB0002183,C06429,445580,28125,3457,Unsaturated FA,,,,,88312b66-f84c-4380-8593-7bc228105e93
Cyclic AMP,C10H12N5O6P,328.0447,HMDB0000058,C00575,6076,17489,5120,Purine rNMP,,,,,8d2b463b-f41f-41dd-9e52-9717ffd6dd1d
Fructose 1_6-bisphosphate,C6H14O12P2,338.9885,HMDB0001058,C00354,10267,28013,147,Monosaccharide phosphates,,,,,8d570913-d74d-4ece-9e36-b222145a0f40
Adenosine monophosphate,C10H14N5O7P,346.0553,HMDB0000045,C00020,6083,16027,5111,Purine rNMP,,,,,8e2c2a98-daa0-4595-b2ce-54a96cf53546
Inosinic acid,C10H13N4O8P,347.0395,HMDB0000175,C00130,8582,17202,5196,Purine rNMP,,,,,8e3b3d47-886e-4f17-938e-0d43b3e513f7
Guanosine monophosphate,C10H14N5O8P,362.0502,HMDB0001397,C00144,6804,17345,6216,Purine rNMP,,,,,9008a962-5141-4a21-9936-606c14b873d9
Lithocholic acid,C24H40O3,375.2899,HMDB0000761,C03990,9903,16325,209,C24 Bile acids,,,,,91052c97-a916-4dea-b487-4a65e45c35c8
S-Adenosylhomocysteine,C14H20N6O5S,383.114,HMDB0000939,C00021,439155,16680,296,Other purines,,,,,910aaf70-48ef-49d1-be3e-098ad1f1d4f3
Cholesterol,C27H46O,385.347,HMDB0000067,C00187,5997,16113,163,Cholesterols,,,,,940d3866-401d-46b2-8242-57b901a35b35
CDP,C9H15N3O11P2,402.0104,HMDB0001546,C00112,6132,17239,6313,Pyrimidine rNDP,,,,,9428fc5b-416d-4aac-92dc-01f1fabfeb05
GC,,402.9946,,,,,,,,,,,950e4aa3-38df-4ed1-84e1-8882949f387a
LysoPA(0:0/16:0),C19H39O7P,409.236,HMDB0007849,C00416,56960317,-,-,PA,,,,,95ade060-0e4c-4671-b9f3-4434c2f74da6
LysoPA(18:0/0:0),C21H43O7P,437.2671,HMDB0007854,C00416,89567,-,-,PA,,,,,95f89dd6-4956-4288-8267-db25c9de56fd
Cysteine-glutathione disulfide,C13H22N4O8S2,425.0804,HMDB0250707,-,78301986,-,-,,,,,,968d3ad9-dde7-4a94-9d3d-baacb729ab87
ADP,C10H15N5O10P2,426.0216,HMDB0001341,C00008,6022,16761,6175,Purine rNDP,,,,,9747ce3a-35c6-4cc7-8b73-922cbdc18e48
LysoPA(0:0/18:1(9Z)),C21H41O7P,435.2517,HMDB0007851,C00416,56947016,-,-,PA,,,,,9b2af78d-2d48-4771-9f6f-f62543de6b73
LysoPA(0:0/18:0),C21H43O7P,437.2673,HMDB0007850,C00416,76041074,-,-,PA,,,,,9bfdecb6-2564-491a-a5c2-daf2af637a05
Guanosine diphosphate,C10H15N5O11P2,442.0165,HMDB0001201,C00035,8977,17552,6077,Purine rNDP,,,,,9c488bbc-db04-44a8-9d1e-8c77894f38be
CDP-ethanolamine,C11H20N4O11P2,445.0526,HMDB0001564,C00570,123727,16732,3538,Pyrimidine rNDP,,,,,9ddd3c33-f998-4b70-aa24-2cec5cfb6bca
Chenodeoxycholic acid glycine conjugate,C26H43NO5,448.3063,HMDB0000637,C05466,12544,36274,5610,C24 Bile acids,,,,,9f02d7ab-a221-488e-9870-9b2252f72843
LysoPE(P-16:0/0:0),C21H44NO6P,436.2831,HMDB0011152,-,42607469,-,-,O-LPE,,,,,9fdc550f-2ef4-4c8b-ba56-d4c073aa929d
LysoPE(0:0/16:0),C21H44NO7P,452.2782,HMDB0011473,-,53480922,131743,-,LPE,,,,,a17b606a-719d-49e2-a40d-20c3cca2f8ea
LysoPA(20:4(8Z_11Z_14Z_17Z)/0:0),C23H39O7P,457.236,HMDB0114742,-,131821847,-,-,,,,,,a38fa892-4fff-4b43-9a30-de375e58b4f2
LysoPA(20:2(11Z_14Z)/0:0),C23H43O7P,461.2673,HMDB0114758,-,87977098,-,-,,,,,,a3bc9549-36cd-40f5-bdee-2d404c28dcdf
LPA(20:1),C23H45O7P,463.283,-,-,-,-,-,LPA,,,,,a7ba4891-3563-4d70-b455-ef7064009767
Xanthine,C5H4N4O2,151.0256,HMDB0000292,C00385,1188,17712,82,Xanthines,,,,,a8e6ba73-5990-490c-8980-b101bf139180
LysoPE(P-18:0/0:0),C23H48NO6P,464.3146,HMDB0240598,-,42607470,87823,-,O-LPE,,,,,abae9793-808e-43e9-af53-8a89bd5fbd54
LysoPE(0:0/18:2(9Z_12Z)),C23H44NO7P,476.2782,HMDB0011477,-,53480926,76090,-,LPE,,,,,adabfe26-5741-43fd-9e2d-87ec4911a571
LysoPE(0:0/18:1(11Z)),C23H46NO7P,478.2939,HMDB0011475,-,53480924,-,-,LPE,,,,,ae1444aa-8b44-4705-86f5-2719bd0f98e8
LysoPE(0:0/18:0),C23H48NO7P,480.3095,HMDB0011129,-,53480667,133144,-,LPE,,,,,ae667832-0895-4fab-b672-6bd0b65910c5
LysoPA(22:6(4Z_7Z_10Z_13Z_16Z_19Z)/0:0),C25H39O7P,481.236,HMDB0114755,-,25099673,-,-,,,,,,aec3fa71-c110-4fcd-8a63-d3e35f973530
Cytidine triphosphate,C9H16N3O14P3,481.9767,HMDB0000082,C00063,6176,17677,5136,Pyrimidine rNTP,,,,,aff596aa-8aff-479f-a8dc-9a3957e1b0f7
Urocanic acid,C6H6N2O2,137.0351,HMDB0000301,C00785,736715,30817,298,Imidazole alkaloids,,,,,b0cdeab7-7936-45cc-9e2f-ae184356fbb7
LysoPA(22:4(7Z_10Z_13Z_16Z)/0:0),C25H43O7P,485.2673,HMDB0114752,-,87978099,-,-,,,,,,b133cb87-7d5b-4dac-9fe0-441534f610ae
LysoPE(0:0/20:5(5Z_8Z_11Z_14Z_17Z)),C25H42NO7P,498.2626,HMDB0011489,-,53480938,-,-,LPE,,,,,b199938b-5473-4e12-9391-82d2a5cd9518
Tetrahydrocortisol,C21H34O5,365.2328,HMDB0000949,C05472,387316,16525,5897,C21 Steroids,,,,,b58d8338-ca7a-4361-84df-60ac8fbfa067
LysoPE(0:0/20:4(5Z_8Z_11Z_14Z)),C25H44NO7P,500.2782,HMDB0011487,-,53480936,72741,-,LPE,,,,,b67f3662-111d-463d-bb3c-5146214eb5e8
LysoPE(0:0/20:3(11Z_14Z_17Z)),C25H46NO7P,502.2939,HMDB0011484,-,53480933,-,-,LPE,,,,,b6af1c3b-8b63-4cc4-a3a5-c926cce162b8
LysoPE(0:0/20:2(11Z_14Z)),C25H48NO7P,504.3095,HMDB0011483,-,53480932,131692,-,LPE,,,,,b73e4652-536e-4d62-ac3a-81ce8c233503
Adenosine triphosphate,C10H16N5O13P3,505.9879,HMDB0000538,C00002,5957,15422,5523,Purine rNTP,,,,,ba885946-4c85-4dd9-a272-f0401f146660
LysoPE(0:0/20:1(11Z)),C25H50NO7P,506.3252,HMDB0011482,-,53480931,-,-,LPE,,,,,bbe23251-f816-4448-b5f0-32efc09b1c6a
LysoPS(18:0/0:0),C24H48NO9P,524.2991,HMDB0240606,-,42607474,85403,-,LPS,,,,,bd166274-5d03-4c29-87da-f800f580db02
LysoPE(0:0/20:0),C25H52NO7P,508.3408,HMDB0011481,-,53480930,131691,-,LPE,,,,,bd84a5d2-97ad-4595-aae7-c57d8e283640
LPG(18:1),C24H47O9P,509.2885,-,-,-,-,-,LPG,,,,,bdc39e3b-5b62-4b0f-a8d5-3bee7716fd19
PA(23:2),,517.2936,,,,,,,,,,,bdde127b-2317-428c-a229-0cca870bd1b1
PA(23:1+D43:D74),,519.3092,,,,,,,,,,,bf5ef01b-9308-4e44-936d-15df0e8a6fa3
Guanosine triphosphate,C10H16N5O14P3,521.9829,HMDB0001273,C00044,6830,15996,6128,Purine rNTP,,,,,c0624e76-2c7a-42e1-b210-b5b84fceb959
LPS(18:1),C24H46NO9P,522.2837,-,-,-,-,-,LPS,,,,,c27fbbb7-8732-42af-9d78-2db22f600c10
LysoPE(0:0/22:6(4Z_7Z_10Z_13Z_16Z_19Z)),C27H44NO7P,524.2782,HMDB0011496,-,53480945,72749,-,LPE,,,,,c45e5daf-69bc-4039-a8dd-8c434357e772
LPS(18:0),C24H48NO9P,524.2994,-,-,-,-,-,LPS,,,,,c51e09ea-5839-431f-a1cb-16a7a30bd91a
LysoPE(0:0/22:5(4Z_7Z_10Z_13Z_16Z)),C27H46NO7P,526.2939,HMDB0011494,-,53480943,-,-,LPE,,,,,c53aa0b9-c3dc-42cc-ba8a-d6ceb7a4a5c1
LysoPE(0:0/22:4(7Z_10Z_13Z_16Z)),C27H48NO7P,528.3095,HMDB0011493,-,53480942,-,-,LPE,,,,,c5faef70-e96e-46ef-888e-1c0d98726c32
LysoPE(0:0/22:2(13Z_16Z)),C27H52NO7P,532.3408,HMDB0011492,-,53480941,-,-,LPE,,,,,c727b1c3-1cdb-4319-b7f3-15ca2c36432b
LysoPE(0:0/22:1(13Z)),C27H54NO7P,534.3565,HMDB0011491,-,53480940,-,-,LPE,,,,,c7357a7f-2d22-45e3-b4ce-d26faebc9f0f
Cyclic ADP-ribose,C15H21N5O13P2,540.053,HMDB0249529,-,22062770,-,-,Purine ribonucleosides,,,,,c742f724-f728-4c93-a62f-005a692cb81e
PA(25:1),C28H53O8P,547.3405,-,-,-,-,-,PA,,,,,c7baa5da-bb25-4c8d-bfc0-445465d6f665
PE(23:6),,552.2732,,,,,,,,,,,c91db800-20c8-461c-872d-bd6f9464af02
LPE(24:5),C29H50NO7P,554.3252,-,-,-,-,-,LPE,,,,,ca531b7e-a9d4-406f-be2b-a4d3f310a167
LPG(22:6),C28H45O9P,555.2728,-,-,-,-,-,LPG,,,,,cb3354ca-dc6c-4ce6-8400-f3401f98044b
LPE(24:4),C29H52NO7P,556.3408,-,-,-,-,-,LPE,,,,,cbd993f3-c204-4b97-be3a-ea1b7274e90c
Uridine 5'-diphosphate,C9H14N2O12P2,402.9949,HMDB0000295,C00015,6031,17659,-,Pyrimidine rNDP,,,,,cdec0023-47e8-482e-bd57-f6c79fc1dca1
LPS(22:6),C28H44NO9P,568.2681,-,-,-,-,-,LPS,,,,,cdfcffa3-012a-4893-b5c0-72338aabe050
LPI(16:0),C25H49O12P,571.2889,-,-,-,-,-,LPI,,,,,d263aec5-7ebf-42d7-ac08-b2fc410e9ecc
Uridine diphosphate glucose,C15H24N2O17P2,565.0478,HMDB0000286,C00029,8629,46229,5278,Pyrimidine rNDP,,,,,d8b31014-108f-4bbe-bb55-ad3a46766145
ADP-glucose,C16H25N5O15P2,588.0748,HMDB0006557,C00498,16500,15751,-,Purine rNDP,,,,,da024c8a-c2ab-45f2-be65-d0fb1b25ac8a
LPI(18:1),C27H51O12P,597.3045,-,-,-,-,-,LPI,,,,,da0bf816-6432-433d-adbe-02a2e91f46b3
LysoPI(0:0/18:0),C27H53O12P,599.3202,HMDB0061704,-,-,-,-,LPI,,,,,dac936be-ae10-4928-bb3b-507ebdb9f18c
Oxidized glutathione,C20H32N6O12S2,611.1443,HMDB0003337,C00127,65359,17858,6893,,,,,,dd1bb3db-7e35-47a5-ba95-4046ac11a29d
Heme,C34H32FeN4O4,615.1695,HMDB0003178,C00032,26945,17627,3680,Metalloporphyrins,,,,,dd5828fd-5406-4999-bca3-872b643e27aa
LPI(20:4),C29H49O12P,619.2889,-,-,-,-,-,LPI,,,,,de71cf66-b93f-449d-b1a1-779ba3033952
PA(16:0/16:0),C35H69O8P,647.4657,HMDB0000674,C00416,446066,73246,5644,PA,,,,,e1df2140-d01c-4f09-806f-e220f4c7e8ae
PA(15:0/18:0),C36H71O8P,661.4814,HMDB0114814,-,52929506,-,-,PA,,,,,e43edff5-5b91-485a-bd26-a7bef996ddce
PA(16:0/18:2(9Z_12Z)),C37H69O8P,671.4657,HMDB0007860,C00416,9547167,73259,-,PA,,,,,e5eaa4db-3825-4cf0-b04d-5989419c4c85
PA(16:0/18:1(11Z)),C37H71O8P,673.4814,HMDB0007858,C00416,9547158,89530,-,PA,,,,,e6065756-8be1-44b7-8771-5fdfaf945a50
PA(14:0/20:0),C37H73O8P,675.497,HMDB0114783,-,52929515,-,-,PA,,,,,e66c98dd-9c9b-4f8f-9fad-217f0e7fdcd9
PA(20:1(11Z)/15:0),C38H73O8P,687.497,HMDB0115093,-,52929123,-,-,PA,,,,,e6a24399-741b-4eac-b32e-66dc8538de7e
PA(14:0/22:4(7Z_10Z_13Z_16Z)),C39H69O8P,695.4657,HMDB0114790,-,52928699,-,-,PA,,,,,e811a5d8-ab4d-487e-9676-097ec346792e
PA(14:1(9Z)/22:2(13Z_16Z)),C39H71O8P,697.4814,HMDB0114805,-,52928727,-,-,PA,,,,,e8f9eb9b-1cf9-47e2-89d0-7a5ddd110073
PA(18:0/18:2(9Z_12Z)),C39H73O8P,699.497,HMDB0007861,C00416,24779559,77248,-,PA,,,,,e94ae940-d631-491e-858f-615f5ad10b60
PA(14:0/22:1(13Z)),C39H75O8P,701.5127,HMDB0114789,-,131821866,-,-,PA,,,,,e95ac875-a021-487d-b3ad-252643cd65cb
PE(P-34:0)/LPE(34:1),,702.5443,,,,,,,,,,,ea1a79e5-0514-4308-ad3d-7778af9843ae
PE(14:0/20:2(11Z_14Z)),C39H74NO8P,714.5079,HMDB0008835,C00350,52924121,-,-,PE,,,,,eaab8b70-3b7d-4ccc-9788-d14a56a905c0
PA(15:0/22:1(13Z)),C40H77O8P,715.5283,HMDB0114825,-,131821879,-,-,PA,,,,,eba5ead1-4fdb-46ce-8708-22aa8c92d665
PE(18:1(11Z)/16:0),C39H76NO8P,716.5245,HMDB0009022,C00350,53479621,-,-,PE,,,,,ec13e2f2-53b6-4568-a1f0-b9dfd97508a9
PS(15:0/16:1(9Z)),C37H70NO10P,718.4664,HMDB0112282,-,52926023,-,-,PS,,,,,ecd0e72f-e35b-4c36-a932-97d4ce580ff0
3b_5a_6b-Cholestanetriol,C27H48O3,419.3525,HMDB0003990,C05425,5326793,73006,6997,Cholesterols,,,,,eddb89a0-1eae-47c1-8995-abd0f6a1e8b8
PA(16:0/22:6(4Z_7Z_10Z_13Z_16Z_19Z)),C41H69O8P,719.4657,HMDB0114849,-,24779561,83785,-,PA,,,,,efbab067-1512-4b78-888a-ab661ed78dc6
PA(16:0/22:5(4Z_7Z_10Z_13Z_16Z)),C41H71O8P,721.4814,HMDB0114847,-,131821886,-,-,PA,,,,,f0a77588-3719-4c27-ab89-8750872e290f
PG(16:0/16:0),C38H75O10P,721.5022,HMDB0010570,-,446440,73205,-,PG,,,,,f186c173-19f2-448f-b8b1-d005516b8eb9
PA(16:0/22:4(7Z_10Z_13Z_16Z)),C41H73O8P,723.497,HMDB0114846,-,52929556,-,-,PA,,,,,f41de2f1-9b1e-459e-a3b0-ac8f61ae9377
PE(18:2(9Z_12Z)/18:1(9Z)),C41H76NO8P,724.5286,HMDB0009092,C00350,52924364,-,-,PE,,,,,f566c8ce-b9e4-4cd9-b4cf-2577089d3875
PA(16:1(9Z)/22:2(13Z_16Z)),C41H75O8P,725.5127,HMDB0114866,-,52928815,-,-,PA,,,,,f7ee1dc7-1476-4945-9e30-5cd701e45c58
PA(14:1(9Z)/24:1(15Z)),C41H77O8P,727.5283,HMDB0114811,-,131821876,-,-,PA,,,,,f84b5e75-1c62-4ea8-8397-43c9cbca7645
PA(14:0/24:1(15Z)),C41H79O8P,729.544,HMDB0114794,-,131821869,-,-,PA,,,,,f8572225-a70e-4d8a-8b51-774dfe676d26
PE(O-20:0/16:0)*,C41H84NO7P,732.591,HMDB0011348,-,52925026,-,-,O-PE,,,,,fa863dde-6634-4255-a799-3a79528ff43c
PE(O-20:0/16:0),C41H84NO7P,730.5756,HMDB0011348,-,52925026,-,-,O-PE,,,,,fab6825a-09a7-4808-a2de-0575df16f18e
PE(16:0/20:4(5Z_8Z_11Z_14Z)),C41H74NO8P,738.5076,HMDB0008937,C00350,9546800,73009,-,PE,,,,,fb922874-2fe7-4abb-95ca-2d14b6079849
PE(14:0/22:4(7Z_10Z_13Z_16Z)),C41H74NO8P,738.5079,HMDB0008844,C00350,52924126,-,-,PE,,,,,fdac0316-752d-40bd-81f3-0a0a6aea588d
PE(14:1(9Z)/22:2(13Z_16Z)),C41H76NO8P,740.5236,HMDB0008876,C00350,52924154,-,-,PE,,,,,feead47e-382f-421c-902b-b2ae4ed61f18
PE(18:1(11Z)/18:2(9Z_12Z)),C41H76NO8P,740.5244,HMDB0009027,C00350,53479626,-,-,PE,,,,,ffd313da-722b-4672-8c42-1877ca1fcd1f
